effect,component,group,term,estimate,std.error,statistic,p.value
fixed,cond,,(Intercept),-1.78015344072783,0.0651271559431993,-27.3335049711121,1.69633431011582e-164
fixed,cond,,rank_z,0.548617425189173,0.102728752556873,5.34044667665406,9.27178470517019e-08
fixed,cond,,rg_z,0.322345587577596,0.105149306175587,3.06559880708406,0.00217234587082669
ran_pars,cond,id,sd__(Intercept),0.0762310615221178,,,
